{"cameraMode":{"drawMode":0,"name":"Shaded","section":"Shading Mode"},"sceneLighting":false,"audioPlay":false,"sceneViewState":{"showFog":true,"showMaterialUpdate":false,"showSkybox":false,"showFlares":true,"showImageEffects":true,"showParticleSystems":true},"in2DMode":false,"pivot":{"x":-0.3263537883758545,"y":2.4344642162323,"z":-5.960464477539063e-8},"rotation":{"x":-0.023317839950323106,"y":-0.5041413307189941,"z":0.013605530373752118,"w":-0.8632141947746277},"size":6.041226863861084,"orthographic":true}