{"cameraMode":{"drawMode":0,"name":"Shaded","section":"Shading Mode"},"sceneLighting":false,"audioPlay":false,"sceneViewState":{"showFog":true,"showMaterialUpdate":false,"showSkybox":false,"showFlares":true,"showImageEffects":true,"showParticleSystems":true},"in2DMode":false,"pivot":{"x":-0.8470858335494995,"y":2.3603291511535646,"z":0.0},"rotation":{"x":-0.22230535745620728,"y":-0.17640261352062226,"z":0.04103386774659157,"w":-0.958150327205658},"size":6.338831424713135,"orthographic":true}