{"cameraMode":{"drawMode":0,"name":"Shaded","section":"Shading Mode"},"sceneLighting":false,"audioPlay":false,"sceneViewState":{"showFog":true,"showMaterialUpdate":false,"showSkybox":false,"showFlares":true,"showImageEffects":true,"showParticleSystems":true},"in2DMode":false,"pivot":{"x":-0.05540800094604492,"y":0.06132340431213379,"z":-0.07246953248977661},"rotation":{"x":0.2049921303987503,"y":0.7844009399414063,"z":-0.33488109707832339,"w":0.48016130924224856},"size":2.0183334350585939,"orthographic":false}