{"cameraMode":{"drawMode":0,"name":"Shaded","section":"Shading Mode"},"sceneLighting":false,"audioPlay":false,"sceneViewState":{"showFog":true,"showMaterialUpdate":false,"showSkybox":false,"showFlares":true,"showImageEffects":true,"showParticleSystems":true},"in2DMode":false,"pivot":{"x":-40.849998474121097,"y":58.47999954223633,"z":-40.880001068115237},"rotation":{"x":0.3055934011936188,"y":0.2339983582496643,"z":-0.07779916375875473,"w":0.9196897745132446},"size":94.02867126464844,"orthographic":false}