{"cameraMode":{"drawMode":0,"name":"Shaded","section":"Shading Mode"},"sceneLighting":false,"audioPlay":false,"sceneViewState":{"showFog":true,"showMaterialUpdate":false,"showSkybox":false,"showFlares":true,"showImageEffects":true,"showParticleSystems":true},"in2DMode":false,"pivot":{"x":-2.751002073287964,"y":4.123000144958496,"z":-0.0015010535717010499},"rotation":{"x":-0.20038944482803346,"y":-0.42989611625671389,"z":0.09815751761198044,"w":-0.8750355839729309},"size":3.0275003910064699,"orthographic":true}