{"cameraMode":{"drawMode":0,"name":"Shaded","section":"Shading Mode"},"sceneLighting":false,"audioPlay":false,"sceneViewState":{"showFog":true,"showMaterialUpdate":false,"showSkybox":false,"showFlares":true,"showImageEffects":true,"showParticleSystems":true},"in2DMode":false,"pivot":{"x":-1.6492161750793458,"y":42.71833801269531,"z":-91.92056274414063},"rotation":{"x":-0.38360822200775149,"y":0.16809634864330293,"z":-0.07123900949954987,"w":-0.9052769541740418},"size":17.29967498779297,"orthographic":false}