{"cameraMode":{"drawMode":0,"name":"Shaded","section":"Shading Mode"},"sceneLighting":false,"audioPlay":false,"sceneViewState":{"showFog":true,"showMaterialUpdate":false,"showSkybox":false,"showFlares":true,"showImageEffects":true,"showParticleSystems":true},"in2DMode":false,"pivot":{"x":-4.139999866485596,"y":2.690000057220459,"z":-5.21540641784668e-8},"rotation":{"x":0.04852181673049927,"y":0.9430137872695923,"z":-0.15847466886043549,"w":0.2886084318161011},"size":2.8898494243621828,"orthographic":true}